source,author,item_name,description,url,urlToImage,publishedAt,content,date,engagement
"{'id': 'business-insider', 'name': 'Business Insider'}",Talia Lakritz,Christian Siriano's workwear advice? Don't waste your best outfit on the office.,Christian Siriano believes it's possible to balance fashion and function when it comes to dressing for work.,https://www.businessinsider.com/christian-siriano-fashion-advice-work-business-casual-professional-2024-6,https://i.insider.com/66797e7f40cf2af6e4f4f710?width=1200&format=jpeg,2024-06-24T14:11:53Z,"Dressing for work can be challenging for younger generations who are new to working in an office.Mike Kemp/In Pictures via Getty Images
<ul><li>Gen Z is still figuring out what to wear for in-person… [+1933 chars]",2024-06-24 14:11:53+00:00,188
"{'id': 'business-insider', 'name': 'Business Insider'}",Cheyenne Lentz,"5 sandal trends that are in this summer and 4 that are out, according to stylists and designers",Summer means swapping boots for sandals. Stylists and designers shared their favorite (and least favorite) trends when it comes to the summer shoes.,https://www.businessinsider.com/sandals-whats-popular-and-going-out-of-style-summer-2024,https://i.insider.com/667da5cf40cf2af6e4f655f6?width=1200&format=jpeg,2024-06-30T12:51:02Z,"Some nostalgic trends have come back in style, but others are too dated. Milov_Alexey/Shutterstock; Danielcc/Shutterstock
<ul><li>Business Insider asked stylists and designers which sandal trends ar… [+4413 chars]",2024-06-30 12:51:02+00:00,243
"{'id': 'business-insider', 'name': 'Business Insider'}",Dan DeFrancesco,Work is getting really weird,The use of shadow stand-ins and a lack of promotions are the latest trends that show how weird work has gotten.,https://www.businessinsider.com/shadow-stand-ins-outsourcing-jobs-lack-of-promotions-weird-workplace-2024-7,https://i.insider.com/6647bce220abc1efe8fb4f96?width=1200&format=jpeg,2024-07-01T12:23:51Z,"Lorenzo Matteucci for BI
<ul><li>This post originally appeared in the Insider Today newsletter.</li><li>You can sign up for Business Insider's daily newsletter here.</li></ul>Welcome back! ""The Bear… [+7945 chars]",2024-07-01 12:23:51+00:00,139
"{'id': 'time', 'name': 'Time'}",Armani Syed,Depop’s CEO Kruti Patel Goyal on the Future of Fashion and Finding a Path to Profitability,Patel Goyal discusses building lifelong relationships with customers and why the competitive landscape is good for sustainable fashion.,https://time.com/6995354/depop-ceo-kruti-patel-goyal-interview/,https://api.time.com/wp-content/uploads/2024/07/Kruti_671.jpg?quality=85&w=1200&h=628&crop=1,2024-07-07T11:00:00Z,"It takes a good few minutes to walk from one side of Depops London headquarters to the other. The open-plan space, complete with its own bar, is so large that Im told some staff members use scooters … [+11080 chars]",2024-07-07 11:00:00+00:00,225
"{'id': None, 'name': 'HYPEBEAST'}",info@hypebeast.com (Hypebeast),Best Footwear Trends at Paris Fashion Week Men's SS25,"Fashion week isn't complete without a roundup of the best footwear seen on the ground. Hypebeast captures some of the best footwear trends at Paris Fashion Week Men's SS25, seeing an eclectic mix of sneakers.As sneakers still remain the go-to style of shoe, i…",https://hypebeast.com/2024/6/best-footwear-trends-at-paris-fashion-week-mens-ss25,https://image-cdn.hypb.st/https%3A%2F%2Fhypebeast.com%2Fimage%2F2024%2F06%2F23%2Fbest-footwear-trends-at-paris-fashion-week-mens-ss25-tw.jpg?w=1080&cbr=1&q=90&fit=max,2024-06-24T04:06:34Z,"You are reading your free article for this month. Login or sign up for a free account now for unlimited reading.
Fashion week isn’t complete without a roundup of the best footwear seen on the ground… [+1401 chars]",2024-06-24 04:06:34+00:00,313
"{'id': None, 'name': 'HYPEBEAST'}",info@hypebeast.com (Hypebeast),Best Footwear Trends at Milan Fashion Week Men's SS25,"When it comes to fashion week, observing how others have taken trends and made it their own is always a highlight. For Milan Fashion Week, Hypebeast was on the ground to capture some of the most sought-after and best footwear trends for the Spring/Summer 2025…",https://hypebeast.com/2024/6/best-footwear-trends-milan-fashion-week-mens-ss25,https://image-cdn.hypb.st/https%3A%2F%2Fhypebeast.com%2Fimage%2F2024%2F06%2F17%2Fbest-footwear-trends-milan-fashion-week-mens-ss25-tw.jpg?w=1080&cbr=1&q=90&fit=max,2024-06-18T03:32:59Z,"You are reading your free article for this month.Members-only
When it comes to fashion week, observing how others have taken trends and made it their own is always a highlight. For Milan Fashion Wee… [+1248 chars]",2024-06-18 03:32:59+00:00,313
"{'id': None, 'name': 'Rolling Stone'}",Jasmin Sandal,We’ve Found Summer’s Hottest Fashion Trends for Less at Target,"We round up the best trendy and affordable men’s and women’s summer fashion at Target to shop now — get shirts, dresses, and swimwear for under $50.",http://www.rollingstone.com/product-recommendations/lifestyle/best-target-summer-fashion-finds-1235052618/,https://www.rollingstone.com/wp-content/uploads/2024/07/header-2-.png?w=900&h=600&crop=1,2024-07-05T21:02:47Z,"If you purchase an independently reviewed product or service through a link on our website, Rolling Stone may receive an affiliate commission.
It’s no secret that curating a summer wardrobe that’s a… [+10775 chars]",2024-07-05 21:02:47+00:00,210
"{'id': None, 'name': 'Highsnobiety'}",,The Enduring Appeal of Biker Fashion,"Trends come and go; that’s the nature of fashion. But when the bikercore trend started taking shape a few years ago, it was clear that it would be more than ju…",https://www.highsnobiety.com/p/biker-fashion/,https://www.highsnobiety.com/static-assets/dato/1702398610-biker-fashion-main.jpg,2024-07-02T16:31:35Z,"Trends come and go; thats the nature of fashion. But when the bikercore trend started taking shape a few years ago, it was clear that it would be more than just a fleeting moment. Now, as we enter 20… [+5260 chars]",2024-07-02 16:31:35+00:00,196
"{'id': None, 'name': 'HYPEBEAST'}",info@hypebeast.com (Hypebeast),AUDREY NUNA on Using Fashion as a “Defense Mechanism”,Three things currently inspiring AUDREY NUNA are:1. “Grandma” clothing2. Milk carton fonts3. And people in NYC who “don’t give a f*ck about fashion”NUNA believes these blasé dressers significantly inform street style trends and play a key inspirational role t…,https://hypebeast.com/2024/7/audrey-nuna-fashion-defense-mechanism-interview-jokes-on-me-new-album,https://image-cdn.hypb.st/https%3A%2F%2Fhypebeast.com%2Fimage%2F2024%2F07%2F03%2Faudrey-nuna-fashion-defense-mechanism-interview-jokes-on-me-new-album-tw.jpg?w=1080&cbr=1&q=90&fit=max,2024-07-03T19:41:05Z,"Three things currently inspiring AUDREY NUNA are:
1. Grandma clothing
2. Milk carton fonts
3. And people in NYC who dont give a f*ck about fashion
NUNA believes these blasé dressers significantly… [+1739 chars]",2024-07-03 19:41:05+00:00,313
"{'id': None, 'name': 'HYPEBEAST'}",info@hypebeast.com (Hypebeast),Paris Fashion Week Men’s SS25 and Alessandro Michele Debuts at Valentino in This Week’s Top Fashion News,"This week, some of fashion’s biggest news moments spanned fashion week, creative director departures, new ambassador relationships and more.Leading the charge is Paris Fashion Week Men’s for the Spring/Summer 2025 season. On its heels was Alessandro Michele’s…",https://hypebeast.com/2024/6/top-fashion-news-pfw-ss25-valentino-oamc-rihanna-dior,https://image-cdn.hypb.st/https%3A%2F%2Fhypebeast.com%2Fimage%2F2024%2F06%2F21%2FWeekly-Fashion-Roundup-June-21-tw.jpg?w=1080&cbr=1&q=90&fit=max,2024-06-21T18:26:48Z,"You are reading your free article for this month. Login or sign up for a free account now for unlimited reading.
This week, some of fashions biggest news moments spanned fashion week, creative direc… [+3934 chars]",2024-06-21 18:26:48+00:00,364
"{'id': 'business-insider', 'name': 'Business Insider'}",Olivia Singh,How Netflix's 'Bridgerton' marketing blitz made the stuffiest era cool again,"Netflix's hit show ""Bridgerton"" has sparked renewed interest in the Regency era, creating the perfect opportunity for brands to cash in on the hype.",https://www.businessinsider.com/bridgerton-merch-brand-collaborations-netflix-marketing-regency-trends-2024-6,https://i.insider.com/6668c01fed9a404d829cad94?width=1200&format=jpeg,2024-06-25T19:05:27Z,"""Bridgerton,"" now in its third season, is one of Netflix's most popular and marketable series. Netflix; Lush; iStock; Rebecca Zisser/BI
Jonathan Bailey was fully naked, lying on a slab at a bathing … [+12738 chars]",2024-06-25 19:05:27+00:00,224
"{'id': None, 'name': 'Deadline'}",Ryan Fleming,"‘Palm Royale’, ‘The Crown’ & ‘The Gilded Age’ Costume Designers On Dressing For A Higher Social Standing","No matter how popular a clothing style may be in the world of high fashion, trends are made to come and go. This Emmy season has costume designers doing the work of interpreting those trends for a new era. Palm Royale tracks the fashion of one woman trying to…",http://deadline.com/2024/06/palm-royale-the-crown-the-gilded-age-costume-design-feature-magazine-1235974505/,https://deadline.com/wp-content/uploads/2024/06/Palm-Royale-Apple-Pink-Chiffon-Still.jpg?w=1024,2024-06-16T18:30:20Z,"No matter how popular a clothing style may be in the world of high fashion, trends are made to come and go. This Emmy season has costume designers doing the work of interpreting those trends for a ne… [+8084 chars]",2024-06-16 18:30:20+00:00,364
"{'id': None, 'name': 'Highsnobiety'}",,"Of Course, A$AP Rocky Is a Bottega Dad for Father's Day","Happy Father's Day to all the world's dads, including the Bottega-wearing ones like A$AP Rocky.A$AP Rocky, a true fashion icon, has been setting trends with hi…",https://www.highsnobiety.com/p/asap-rocky-bottega-veneta-fathers-day-2024/,https://www.highsnobiety.com/static-assets/dato/1718544636-asap-rocky-bottega-veneta-fathers-day-2024.jpg,2024-06-16T13:35:28Z,"Happy Father's Day to all the world's dads, including the Bottega-wearing ones like A$AP Rocky.
A$AP Rocky, a true fashion icon, has been setting trends with his unique style for years. From the ver… [+2064 chars]",2024-06-16 13:35:28+00:00,215
"{'id': None, 'name': 'Search Engine Journal'}",Greg Jarboe,"Top 10 Digital Marketing Trends For 2024 via @sejournal, @gregjarboe","Discover the top 10 digital marketing trends for 2024. Explore the importance of strategy over the latest technology and gain valuable insights.
The post Top 10 Digital Marketing Trends For 2024 appeared first on Search Engine Journal.",https://www.searchenginejournal.com/top-10-digital-marketing-trends-for-2024/519612/,https://www.searchenginejournal.com/wp-content/uploads/2024/06/2024-digital-marketing-trends-298.png,2024-07-01T09:00:57Z,"It’s been a year of considerable disruptions in digital marketing so far.
Right now, the industry is dealing with the integration of generative AI and the impact this is going to have on user behavi… [+15283 chars]",2024-07-01 09:00:57+00:00,303
"{'id': 'business-insider', 'name': 'Business Insider'}",Tess Martinelli,Gen Z workers vs. millennial bosses: 'Having high expectations and wanting work-life balance and an employer who cares isn't a bad thing',"One millennial boss said Gen Z workers don't know how to cope with everyday challenges, and a Gen Z worker said she's more focused on enjoying life.",https://www.businessinsider.com/how-millennial-bosses-manage-gen-z-workers,https://i.insider.com/667f128440cf2af6e4f6e1e1?width=1200&format=jpeg,2024-06-30T09:12:02Z,"Millennial bosses face the challenge of weighing their corporate conditioning against more progressive ideals.Courtesy of Luis Alvarez/Getty Images
<ul><li>Business Insider spoke to Gen Z workers an… [+7252 chars]",2024-06-30 09:12:02+00:00,285
"{'id': 'business-insider', 'name': 'Business Insider'}",Samantha Grindell,"Olivia Culpo said she didn't want her wedding dress to 'exude sex,' sparking a debate about modest gowns","Olivia Culpo wore three Dolce & Gabbana dresses on her wedding day, including a modest ceremony gown that became the source of controversy.",https://www.businessinsider.com/olivia-culpo-modest-wedding-dress-debate-2024-7,https://i.insider.com/668bee1f1aace5b3ada4f1ec?width=1200&format=jpeg,2024-07-08T22:19:01Z,"Olivia Culpo's wedding dress became the center of controversy. NDZ/Star Max/Getty Images
<ul><li>Olivia Culpo told Vogue she didn't want her Dolce & Gabbana ceremony gown to ""exude sex in any way.""<… [+7820 chars]",2024-07-08 22:19:01+00:00,243
"{'id': None, 'name': 'Digital Trends'}",Tushar Mehta,The Realme GT 6 shows how AI on smartphones should be done,"Tushar Mehta / Digital Trends Realme has always offered value smartphones. As another brand to spin off from Oppo, it shares the same bloodline as OnePlus but mostly operates in lower segments, offering similar features at a lower price. After a slight shift …",https://www.digitaltrends.com/mobile/realme-gt-6-android-phone-shows-how-ai-on-smartphones-should-be-done/,https://www.digitaltrends.com/wp-content/uploads/2024/06/Realme-GT-6-back-1.jpg?resize=1200%2C630&p=1,2024-07-06T16:00:38Z,"Tushar Mehta / Digital Trends
Realme has always offered value smartphones. As another brand to spin off from Oppo, it shares the same bloodline as OnePlus but mostly operates in lower segments, offe… [+12316 chars]",2024-07-06 16:00:38+00:00,318
"{'id': None, 'name': 'Search Engine Journal'}",Greg Jarboe,"Top 10 Digital Marketing Trends For 2024 via @sejournal, @gregjarboe","Discover the top 10 digital marketing trends for 2024. Explore the importance of strategy over the latest technology and gain valuable insights.
The post Top 10 Digital Marketing Trends For 2024 appeared first on Search Engine Journal.",https://www.searchenginejournal.com/digital-marketing-trends/478799/,https://www.searchenginejournal.com/wp-content/uploads/2024/06/2024-digital-marketing-trends-298.png,2024-07-10T21:01:19Z,"It’s been a year of considerable disruptions in digital marketing so far.
Right now, the industry is dealing with the integration of generative AI and the impact this is going to have on user behavi… [+15283 chars]",2024-07-10 21:01:19+00:00,303
"{'id': None, 'name': 'HYPEBEAST'}",info@hypebeast.com (Hypebeast),Rider and P_Andrade Collaborate on New Sandal Inspired by Their Home Country of Brazil,"Rider and Pedro Andrade join forces once again. Following two highly sought-after collaborations, the Brazilian streetwear label and fashion designer return to launch a new iteration of the R Next sandal. This launch marks the continuation of a partnership th…",https://hypebeast.com/2024/6/rider-and-p-andrade-release-new-r-next-sandal,https://image-cdn.hypb.st/https%3A%2F%2Fhypebeast.com%2Fimage%2F2024%2F06%2F21%2Frider-and-p-andrade-release-new-r-next-sandal-twitter.jpg?w=1080&cbr=1&q=90&fit=max,2024-06-24T19:34:48Z,"Rider and Pedro Andrade join forces once again. Following two highly sought-after collaborations, the Brazilian streetwear label and fashion designer return to launch a new iteration of the R Next sa… [+1764 chars]",2024-06-24 19:34:48+00:00,346
"{'id': None, 'name': 'Forbes'}","Nadja Sayej, Contributor, 
 Nadja Sayej, Contributor
 https://www.forbes.com/sites/nadjasayej/",Stylist Melissa Polo Landau On The Summer’s Top Fashion Trends,"“This summer is all about effortless, comfortable fashion,” said New York stylist, Melissa Polo Landau, who talks drop waist dresses and jelly sandals as trending.",https://www.forbes.com/sites/nadjasayej/2024/07/02/stylist-melissa-polo-landau-on-the-summers-top-fashion-trends/,"https://imageio.forbes.com/specials-images/imageserve/667ee76ed868f1353e0efa4f/0x0.jpg?format=jpg&crop=1066,600,x0,y117,safe&height=900&width=1600&fit=bounds",2024-07-02T13:00:00Z,"Melissa Polo Landau
Nicole laxton
New York stylist Melissa Polo Landau is known as the closet therapist for helping top CEOs, executives and celebrities step up their style. Having worked with bran… [+4990 chars]",2024-07-02 13:00:00+00:00,225
"{'id': None, 'name': 'Digital Trends'}",Briley Kenney,Score the best summer deals on Gorpcore phone accessories from MAGEASY,Want a stylish way to hold and protect your phone and gear? These Gorpcore-inspired phone accessories are included in a major MAGEASY deals event. Take a look.,https://www.digitaltrends.com/dtdeals/mageasy-gorpcore-phone-case-deals-july-2024/,https://www.digitaltrends.com/wp-content/uploads/2024/07/MAGEASY-deals-and-phone-accessories-worn-out-and-about-lifestyle-image.jpg?resize=1200%2C630&p=1,2024-07-10T16:00:10Z,"MAGEASY
Gorpcore is a legitimate fashion trend. It involves wearing clothing or apparel typically reserved for outdoor recreation and activities as normal streetwear. It’s bold and brazen, but it’s … [+3788 chars]",2024-07-10 16:00:10+00:00,229
"{'id': None, 'name': 'HYPEBEAST'}",info@hypebeast.com (Hypebeast),Shawn Stussy Returns and Ralph Lauren Goes to the Hamptons in This Week's Top Fashion News,"This week, fashion's biggest headlines covered industry comebacks, runway shows, big campaigns and high-level collaborations.Among the standouts, Shawn Stussy announced that he was coming out of retirement and reviving his S/DOUBLE label; Ralph Lauren reveale…",https://hypebeast.com/2024/7/top-fashion-news-shawn-stussy-ralph-lauren-nyfw-balenciaga-jacqemus-nike,https://image-cdn.hypb.st/https%3A%2F%2Fhypebeast.com%2Fimage%2F2024%2F07%2F05%2Ftop-fashion-news-shawn-stussy-ralph-lauren-nyfw-balenciaga-jacqemus-nike-TW.jpg?w=1080&cbr=1&q=90&fit=max,2024-07-05T22:51:04Z,"You are reading your free article for this month. Login or sign up for a free account now for unlimited reading.
This week, fashion’s biggest headlines covered industry comebacks, runway shows, big … [+5443 chars]",2024-07-05 22:51:04+00:00,350
"{'id': None, 'name': 'HYPEBEAST'}",info@hypebeast.com (Hypebeast),Jacquemus x Nike and Pharrell’s Louis Vuitton Workwear in This Week’s Top Fashion News,"This week, some of fashion’s biggest news moments spanned highly anticipated collaboration, new campaigns and business forecasts.Leading the charge is the new Jacquemus x Nike collaboration. On its heels was the reveal of Pharrell’s Louis Vuitton FW24 workwea…",https://hypebeast.com/2024/7/top-fashion-news-jacquemus-nike-pharrell-louis-vuitton-adidas,https://image-cdn.hypb.st/https%3A%2F%2Fhypebeast.com%2Fimage%2F2024%2F07%2F12%2FWeekly-Fashion-Roundup-July-12-tw.jpg?w=1080&cbr=1&q=90&fit=max,2024-07-12T18:04:50Z,"You are reading your free article for this month. Login or sign up for a free account now for unlimited reading.
This week, some of fashions biggest news moments spanned highly anticipated collabora… [+4284 chars]",2024-07-12 18:04:50+00:00,346
"{'id': None, 'name': 'Digital Trends'}",Tim Keeney,Euro 2024 Netherlands vs France live stream: Can you watch for free?,"Netherlands and France meet in a huge Euro 2024 showdown today, and we've put together all the best ways you can watch a free live stream of the match.",https://www.digitaltrends.com/movies/netherlands-vs-france-live-stream-june-2024/,https://www.digitaltrends.com/wp-content/uploads/2019/01/soccer.jpg?resize=1200%2C630&p=1,2024-06-21T11:00:18Z,The top of Group D at Euro 2024 is on the line today at Red Bull Arena in Leipzig when powerhouses France and Netherlands meet for a huge showdown. Both among the top favorites entering the tournamen… [+2816 chars],2024-06-21 11:00:18+00:00,219
"{'id': None, 'name': 'HYPEBEAST'}",info@hypebeast.com (Hypebeast),Lanvin Appoints New Creative Director and More in This Week's Top Fashion News,"This week's biggest headlines in fashion covered new creative directorships, Olympics partnerships, football kits, Pride Month drops and fresh-faced campaigns.At the top of the list, Lanvin filled its empty artistic director chair with Peter Copping, who boas…",https://hypebeast.com/2024/6/lanvin-peter-copping-skims-team-usa-jw-anderson-pride-y-3-nike-top-fashion-news,https://image-cdn.hypb.st/https%3A%2F%2Fhypebeast.com%2Fimage%2F2024%2F06%2F29%2Flanvin-peter-copping-skims-team-usa-jw-anderson-pride-y-3-nike-top-fashion-news-TW.jpg?w=1080&cbr=1&q=90&fit=max,2024-06-29T21:55:26Z,"You are reading your free article for this month. Login or sign up for a free account now for unlimited reading.
This week’s biggest headlines in fashion covered new creative directorships, Olympics… [+4907 chars]",2024-06-29 21:55:26+00:00,338
"{'id': None, 'name': 'HYPEBEAST'}",info@hypebeast.com (Hypebeast),PlugPlay Links Up With Carrots by Anwar Carrots to Launch Carrot-Themed Capsule,"Having collaborated with streetwear brands, top YouTube creators, and underground fashion influencers, PLUGPLAY™ is no stranger to out-of-the-box collaborations rooted in the richness of street culture.Known for their premium aromatic cannabis products and te…",https://hypebeast.com/2024/6/plugplay-carrots-streetwear-collection,https://image-cdn.hypb.st/https%3A%2F%2Fhypebeast.com%2Fimage%2F2024%2F06%2F28%2FPlu-Play-Carrots-Twitter-01.jpg?w=1080&cbr=1&q=90&fit=max,2024-06-29T15:27:05Z,"Having collaborated with streetwear brands, top YouTube creators, and underground fashion influencers, PLUGPLAY is no stranger to out-of-the-box collaborations rooted in the richness of street cultur… [+1936 chars]",2024-06-29 15:27:05+00:00,339
"{'id': None, 'name': 'Digital Trends'}",Joe Maring,July 10 is going to be a huge day for Samsung,"Do you like Samsung phones? Do you like Samsung smartwatches? Do you like smart rings? If you said yes to any of those, you'll want to be ready for July 10.",https://www.digitaltrends.com/mobile/samsung-galaxy-unpacked-july-10-2024-date-announced/,https://www.digitaltrends.com/wp-content/uploads/2023/07/galaxy-z-fold-5-half-fold-back.jpg?resize=1200%2C630&p=1,2024-06-25T23:00:28Z,"Andy Boxall / Digital Trends
Samsung fans, it’s time to start getting excited. Why? Because we finally have the official date for Samsung’s next Galaxy Unpacked event. If you’ve been following Samsu… [+2353 chars]",2024-06-25 23:00:28+00:00,201
"{'id': None, 'name': 'Forbes'}","Sarah Boyd, Contributor, 
 Sarah Boyd, Contributor
 https://www.forbes.com/sites/sboyd/",7 Swimwear Trends That Designers Are Loving For Summer 2024,I’ve gathered up some of the biggest swimwear trends of the season so you can roll up to the pool or the beach in on-trend fashion.,https://www.forbes.com/sites/sboyd/2024/06/21/7-swimwear-trends-that-designers-are-loving-for-summer-2024/,"https://imageio.forbes.com/specials-images/imageserve/6675ce2826bbbac0b8aee869/0x0.jpg?format=jpg&crop=1000,563,x0,y382,safe&height=900&width=1600&fit=bounds",2024-06-21T20:11:48Z,It is the peak of summer (literally; the summer solstice just passed) and it is hot outside. There is nothing I would rather be doing right now than sitting out by the pool and sporting a chic new sw… [+4995 chars],2024-06-21 20:11:48+00:00,190
"{'id': None, 'name': 'Forbes'}","Sarah Boyd, Contributor, 
 Sarah Boyd, Contributor
 https://www.forbes.com/sites/sboyd/",The Top 10 Summer Trends According To Model Carmella Rose,What does a model say is trending for summer? Carmella Rose shares her top 10 fashion and beauty recommendations for 2024.,https://www.forbes.com/sites/sboyd/2024/06/25/the-top-10-summer-trends-according-to-model-carmella-rose/,"https://imageio.forbes.com/specials-images/imageserve/667a1b6705275a1f8cc84d92/0x0.jpg?format=jpg&crop=2531,1424,x0,y150,safe&height=900&width=1600&fit=bounds",2024-06-25T14:25:42Z,"Carmella Rose
Carmella Rose
I am always getting the scoop from influencers and trendsetters on what the latest style trends are, and for this summer, there is no one better to turn to than internat… [+4303 chars]",2024-06-25 14:25:42+00:00,179
"{'id': None, 'name': 'HYPEBEAST'}",info@hypebeast.com (Hypebeast),Prada SS25 Grows “Closer” to Your Imagination,"Miuccia Prada and Raf Simons have done it again. The mother and father of fashion joined together to wrap another breakout runway show at Milan Fashion Week, and — if we do say so ourselves — it was a party. While every season brings spectacular collections, …",https://hypebeast.com/2024/6/prada-spring-summer-2025-milan-fashion-week-menswear-runway,https://image-cdn.hypb.st/https%3A%2F%2Fhypebeast.com%2Fimage%2F2024%2F06%2F16%2Fprada-spring-summer-2025-milan-fashion-week-menswear-runway-tw.jpg?w=1080&cbr=1&q=90&fit=max,2024-06-16T20:38:02Z,"Miuccia Prada and Raf Simons have done it again. The mother and father of fashion joined together to wrap another breakout runway show at Milan Fashion Week, and if we do say so ourselves it was a pa… [+2025 chars]",2024-06-16 20:38:02+00:00,305
"{'id': None, 'name': 'Digital Trends'}",Joe Maring,I thought Motorola’s new $550 Android phone would be great. I was wrong,The new Motorola Edge (2024) promises to deliver flagship-level specs and features at a reasonable $550 price. But is it any good? I reviewed it and found out.,https://www.digitaltrends.com/mobile/motorola-edge-2024-review/,https://www.digitaltrends.com/wp-content/uploads/2024/06/motorola-edge-2024-review-1.jpeg?resize=1200%2C630&p=1,2024-06-24T12:00:33Z,"If there was one smartphone lineup that really surprised me last year, it was the Motorola Edge. Last year’s Motorola Edge and Edge Plus handsets both stood out as very solid options, with the former… [+11910 chars]",2024-06-24 12:00:33+00:00,230
"{'id': 'business-insider', 'name': 'Business Insider'}",Madeline Berg,The luxury conglomerate behind Cartier is beating LVMH at its own game,Richemont is having a moment. The Swiss conglomerate is beating LVMH at its own luxury game thanks to big jewelry brands like Cartier and Van Cleef.,https://www.businessinsider.com/cartier-van-cleef-richemont-winning-luxury-beating-lvmh-kering-2024-6,https://i.insider.com/6671b52e2efa138e0330ab50?width=1200&format=jpeg,2024-06-19T12:31:52Z,"Richemont, the conglomerate that owns brands like Cartier and Van Cleef & Arpels, has been heating up the luxury space.Richemont; Cartier; Van Cleef; Alyssa Powell/BI
<ul><li>Richemont, the conglome… [+9206 chars]",2024-06-19 12:31:52+00:00,218
"{'id': None, 'name': 'Highsnobiety'}",,"Fashion Week Digest: Deep Vs in Milan, a Belt Boom in Paris","On the heels of Pitti Uomo in Florence, both Milan's and then Paris' most prolific fashion houses staged their SS25 men's shows. As June comes to a close, we w…",https://www.highsnobiety.com/p/ss25-mens-shows-milan-paris/,https://www.highsnobiety.com/static-assets/dato/1719568536-mrp.jpg,2024-07-01T11:15:04Z,"On the heels of Pitti Uomo in Florence, both Milan's and then Paris' most prolific fashion houses staged their SS25 men's shows. As June comes to a close, we wanted to quickly rehash some of the key … [+2965 chars]",2024-07-01 11:15:04+00:00,219
"{'id': None, 'name': 'Forbes'}","Scott Travers, Contributor, 
 Scott Travers, Contributor
 https://www.forbes.com/sites/scotttravers/",A Herpetologist Reveals The 3 ‘Hottest’ Pet Reptiles—And 4 That Have Fallen Out Of Fashion,Finding good data to determine trends in the exotic reptile pet trade is hard to do. Here’s how one researcher tapped Google's data to solve this problem.,https://www.forbes.com/sites/scotttravers/2024/06/22/a-herpetologist-reveals-the-3-hottest-pet-reptiles-and-4-that-have-fallen-out-of-fashion/,"https://imageio.forbes.com/specials-images/imageserve/66759ad8221e44c31299f345/0x0.jpg?format=jpg&crop=1629,764,x0,y67,safe&height=900&width=1600&fit=bounds",2024-06-22T18:36:12Z,"Finding good data to determine trends in the exotic reptile pet trade is hard to do. Heres how one ... [+] researcher tapped Google's data to solve this problem.
getty
A recent article published in… [+4430 chars]",2024-06-22 18:36:12+00:00,244
"{'id': 'business-insider', 'name': 'Business Insider'}",Grace Dean,How Gen Zers dine out: From spicy food to menu hacks,"Gen Zers love to customize their food, they're suckers for a mashup like birria ramen, and they crave spicy dishes.",https://www.businessinsider.com/gen-z-dining-habits-spicy-food-menu-hacks-mashups-snacking-2024-6,https://i.insider.com/6666e8b3a2a35d0ca3771e8f?width=1200&format=jpeg,2024-06-14T09:10:55Z,"Lupe Rodriguez/Getty Images
<ul><li>Gen Zers love customized meals, spicy food, and viral trends like menu hacks and mashups.</li><li>They're changing restaurant menus with their desire for bold fla… [+6344 chars]",2024-06-14 09:10:55+00:00,167
"{'id': None, 'name': 'HYPEBEAST'}",info@hypebeast.com (Hypebeast),Pharrell Announces Jackson Wang JOOPITER Auction and Marc Jacobs Reunites With Stephen Sprouse in This Week's Top Fashion News,"This week's biggest fashion headlines covered auction houses, runway shows, big-name collaborations and unruly thefts.At the top of the list, Pharrell's JOOPITER announced that its next auction will star 29 unique pieces from Jackson Wang's sprawling archive.…",https://hypebeast.com/2024/6/top-fashion-news-pharrell-jackson-wang-joopiter-auction-marc-jacobs-stephen-sprouse-jacquemus-chanel-kidsuper,https://image-cdn.hypb.st/https%3A%2F%2Fhypebeast.com%2Fimage%2F2024%2F06%2F14%2Ftop-fashion-news-pharrell-jackson-wang-joopiter-auction-marc-jacobs-stephen-sprouse-jacquemus-chanel-kidsuper-TW.jpg?w=1080&cbr=1&q=90&fit=max,2024-06-14T20:47:07Z,"You are reading your free article for this month.Members-only
This week’s biggest fashion headlines covered auction houses, runway shows, big-name collaborations and unruly thefts.
At the top of th… [+6617 chars]",2024-06-14 20:47:07+00:00,386
"{'id': None, 'name': 'Quartz India'}",Bruce Gil,"Ozempic is now boosting sales for smaller-sized clothes, fashion executives say","In another ripple effect on the economy, Ozempic and other weight loss drugs are boosting sales of smaller-sized clothes.Read more...",https://qz.com/ozempic-clothes-sales-1851544423,"https://i.kinja-img.com/image/upload/c_fill,h_675,pg_1,q_80,w_1200/58add90a9256d4e1f0a28a737b5d34a9.jpg",2024-06-17T17:14:00Z,"In another ripple effect on the economy, Ozempic and other weight loss drugs are boosting sales of smaller-sized clothes.
According to several clothing brands, customers who have recently lost signi… [+2049 chars]",2024-06-17 17:14:00+00:00,212
"{'id': None, 'name': 'Phys.Org'}",Maryse Côté-Hamel,Fast fashion is harming our planet—these four tips can help you build a more sustainable wardrobe,"As sunny summer days return in the northern hemisphere, you may be looking to refresh your wardrobe. The allure of a whole ""new you"" is pervasive, and the foundation of many a successful marketing campaign.",https://phys.org/news/2024-06-fast-fashion-planet-sustainable-wardrobe.html,https://scx2.b-cdn.net/gfx/news/hires/2023/fast-fashion.jpg,2024-06-29T13:40:01Z,"As sunny summer days return in the northern hemisphere, you may be looking to refresh your wardrobe. The allure of a whole ""new you"" is pervasive, and the foundation of many a successful marketing ca… [+6756 chars]",2024-06-29 13:40:01+00:00,303
"{'id': None, 'name': 'Forbes'}","Sarah Boyd, Contributor, 
 Sarah Boyd, Contributor
 https://www.forbes.com/sites/sboyd/",9 Fashion TikTokers To Follow For Fashion Week & Red Carpet Commentary,"Update your following feed with these 9 fashion TikTokers who speak on all things red carpet looks, runway collections, and fashion news.",https://www.forbes.com/sites/sboyd/2024/06/26/9-fashion-tiktokers-to-follow-for-fashion-week--red-carpet-commentary/,"https://imageio.forbes.com/specials-images/imageserve/667b60915e0bdb2280ac218e/0x0.jpg?format=jpg&crop=2445,1375,x0,y129,safe&height=900&width=1600&fit=bounds",2024-06-26T13:40:51Z,"With Paris Couture Week in full swing, NYFW arriving before we know it, and a never-ending parade of celebrity red carpet fashion moments, now is the perfect moment to refresh your following feeds an… [+3206 chars]",2024-06-26 13:40:51+00:00,207
"{'id': None, 'name': 'Phys.Org'}",Ursula Leonowicz,Research examines 18 to 35-year-olds' motivation to swap clothes on a large scale,"The fashion industry is responsible for nearly 10% of global carbon emissions and is the second largest polluter in the world, after oil and gas.",https://phys.org/news/2024-07-year-olds-swap-large-scale.html,https://scx2.b-cdn.net/gfx/news/hires/2024/clothes.jpg,2024-07-08T20:00:01Z,"The fashion industry is responsible for nearly 10% of global carbon emissions and is the second largest polluter in the world, after oil and gas.
As consumers become more aware of the environmental … [+5272 chars]",2024-07-08 20:00:01+00:00,226
"{'id': None, 'name': 'BBC News'}",,How social media is making young people accidental election influencers,"Meet the young people, some not old enough to vote, thrust into the spotlight of the election debate.",https://www.bbc.com/news/articles/cd1rl6p5p32o,https://ichef.bbci.co.uk/news/1024/branded_news/cd4d/live/cbc62330-353a-11ef-bbe0-29f79e992ddd.png,2024-06-28T13:12:03Z,"By Marianna Spring, Disinformation and social media correspondent
At 15, Tolu isnt old enough to vote in this election. But, one night from her bedroom in London, she posted a video on TikTok critic… [+11107 chars]",2024-06-28 13:12:03+00:00,172
"{'id': None, 'name': 'HYPEBEAST'}",info@hypebeast.com (Hypebeast),"For the People, by the People: Goodhood on Redefining London Retail","Goodhood is embarking on a new journey. After 17 years in business, the UK-based retailer is charging into the next stage of expansion, opening a community-oriented storefront in east London while continuing its trek towards retail domination. Goodhood embrac…",https://hypebeast.com/2024/7/goodhood-east-london-store-opening-feature-interview,https://image-cdn.hypb.st/https%3A%2F%2Fhypebeast.com%2Fimage%2F2024%2F07%2F01%2Fgoodhood-east-london-store-opening-feature-interview-tw.jpg?w=1080&cbr=1&q=90&fit=max,2024-07-01T10:12:23Z,"You are reading your free article for this month. Login or sign up for a free account now for unlimited reading.
Goodhood is embarking on a new journey. After 17 years in business, the UK-based reta… [+5430 chars]",2024-07-01 10:12:23+00:00,327
"{'id': None, 'name': 'Who What Wear'}",allyson.payer@futurenet.com (Allyson Payer),These Are the Only 7 Trends I've Actually Bought This Summer,Our senior fashion editor is selective about trends. These are the only ones that made the cut this summer.,https://www.whowhatwear.com/fashion/summer/most-wearable-summer-trends,https://cdn.mos.cms.futurecdn.net/bqCtkw5XtzKVjfZy6Y6A7M-1200-80.jpg,2024-07-03T07:00:00Z,"While I'm not really someone who plans out what trends they're going to buy at the start of each season, as I like to wait and see if a trend has legs. Nothing drives me crazier, relatively speaking,… [+2170 chars]",2024-07-03 07:00:00+00:00,167
"{'id': None, 'name': 'HYPEBEAST'}",info@hypebeast.com (Hypebeast),adidas Expected to Report Highest Profit Margin in Three Years During Q2 2024,"While Nike is projecting a 10% sales decline in fiscal Q1 2025 (and has subsequently seen its shares fall by as much as 20%), adidas' financial forecast is beginning to look quite promising. According to Business of Fashion, analysts expect the German sportsw…",https://hypebeast.com/2024/7/adidas-highest-profit-margin-three-years-q2-2024-analyst-expectation-financial-report,https://image-cdn.hypb.st/https%3A%2F%2Fhypebeast.com%2Fimage%2F2024%2F07%2F10%2Fadidas-highest-profit-margin-three-years-q2-2024-analyst-expectation-financial-report-TW.jpg?w=1080&cbr=1&q=90&fit=max,2024-07-10T19:27:27Z,"While Nikeis projecting a 10% sales decline in fiscal Q1 2025 (and has subsequently seen its shares fall by as much as 20%), adidas’ financial forecast is beginning to look quite promising. According… [+1580 chars]",2024-07-10 19:27:27+00:00,337
"{'id': None, 'name': 'Dezeen'}",Dezeen staff,Thirteen student design projects from students at Vilnius Academy of Arts,Dezeen School Shows: a lighting collection made from glass and aluminium that explores memory is included in Dezeen's latest school show by students at Vilnius Academy of Arts. Also included is a chair designed for use during sex that references the appearanc…,https://www.dezeen.com/2024/06/27/design-projects-vilnius-academy-of-arts-dezeen-school-shows/,https://static.dezeen.com/uploads/2024/06/vilnius-academy-of-arts-hero-sq-dezeen-schoolshows_dezeen_2364_col_1-600x600.jpg,2024-06-27T16:00:12Z,"Dezeen School Shows: a lighting collection made from glass and aluminium that explores memory is included in Dezeen's latest school show by students at Vilnius Academy of Arts.
Also included is a ch… [+14658 chars]",2024-06-27 16:00:12+00:00,333
"{'id': None, 'name': 'Forbes'}","Nadja Sayej, Contributor, 
 Nadja Sayej, Contributor
 https://www.forbes.com/sites/nadjasayej/","Latin Swimwear Brands Were The Highlight Of Miami Swim Week, The Shows","Argentinean, Brazilian and Colombian swimwear brands set the trends for swimwear, from iridescent hues to crochet cover ups.",https://www.forbes.com/sites/nadjasayej/2024/06/21/latin-swimwear-brands-were-the-highlight-of-miami-swim-week-the-shows/,"https://imageio.forbes.com/specials-images/imageserve/6674532d02cf43accde00eee/0x0.jpg?format=jpg&crop=5000,2810,x0,y0,safe&height=900&width=1600&fit=bounds",2024-06-21T13:30:29Z,"MIAMI BEACH, FLORIDA - MAY 31: Flavia Palmiero with models walks the runway for Flavia Palmiero ... [+] during Miami Swim Week: The Shows at SLS South Beach on May 31, 2024 in Miami Beach, Florida. (… [+6517 chars]",2024-06-21 13:30:29+00:00,194
"{'id': None, 'name': 'Upenn.edu'}",Mark Liberman,The evolving PubMed landscape,"Following up on ""Are LLMs writing PubMed articles?"", 7/7/2024, Cervantes suggested a factor, besides LLM availability, that has been influencing the distribution of word frequencies in PubMed's index: As an investigator whose own papers are indexed in PubMed,…",https://languagelog.ldc.upenn.edu/nll/?p=64948,,2024-07-09T12:08:43Z,"« previous post | 
Following up on ""Are LLMs writing PubMed articles?"", 7/7/2024, Cervantes suggested a factor, besides LLM availability, that has been influencing the distribution of word frequenci… [+2580 chars]",2024-07-09 12:08:43+00:00,289
"{'id': None, 'name': 'Who What Wear'}",Natalie Munro,I've Been Studying Milanese Street Style All Day—These 4 Chic Trends Are Taking Over the City,Milan Men's Fashion Week has been a supremely chic affair. Click through to discover the 4 major trends we'll be taking back with us here.,https://www.whowhatwear.com/fashion/street-style/milan-mens-fashion-week-street-style-trends-june-2024,https://cdn.mos.cms.futurecdn.net/TwGwjpVUrVNCyY9rmKCZmD-1200-80.jpg,2024-06-18T14:16:04Z,"Nestled in between the major fashion month shows in February and September, Milan Men's Fashion Week—which takes place in June every year, has attracted Italy's best-dressed in droves to the Italian … [+1907 chars]",2024-06-18 14:16:04+00:00,231
"{'id': None, 'name': 'Who What Wear'}",Remy Farrell,"6 Summer Trends Italians Have Mastered That Channel ""La Dolce Vita"" Dressing","From linen tailoring to raffia basket bags, these are the biggest summer fashion trends to come out of Italy this year.",https://www.whowhatwear.com/fashion/trends/italian-summer-fashion-trends,https://cdn.mos.cms.futurecdn.net/MSVu76g4zubpUfGasPMKV3-1200-80.jpg,2024-07-02T06:54:00Z,"Think of an Italian summer and it's likely you draw the same picture as me. Al-fresco dinners, Vespas, Negronis and swimming in the sea—in other words, total perfection. After years of holidaying in … [+4393 chars]",2024-07-02 06:54:00+00:00,195
"{'id': None, 'name': 'Forbes'}","Lilian Raji, Contributor, 
 Lilian Raji, Contributor
 https://www.forbes.com/sites/lilianraji/",The “Beyoncé Strategy” Is Redefining Media Relationships,"Explore the shift in luxury brand strategies with the 'Beyoncé strategy,' bypassing the press for direct consumer engagement. Learn how PR has evolved to meet new trends.",https://www.forbes.com/sites/lilianraji/2024/06/23/the-beyonc-strategy-is-redefining-media-relationships/,https://imageio.forbes.com/specials-images/imageserve/66771395683d300cdcb0da35/0x0.jpg?format=jpg&height=900&width=1600&fit=bounds,2024-06-23T16:29:22Z,"STOCKHOLM, SWEDEN - MAY 10: (Editorial Use Only) (Exclusive Coverage) Beyoncé performs onstage ... [+] during the opening night of the RENAISSANCE WORLD TOUR at Friends Arena on May 10, 2023 in Stock… [+10320 chars]",2024-06-23 16:29:22+00:00,226
"{'id': 'business-insider', 'name': 'Business Insider'}",Mykenna Maniece,12 influencer athletes who are set to dominate the Paris Olympics and your FYP,Ilona Maher and Daniella Ramirez are just two Olympic athletes getting ready to dominate Paris while becoming your new favorite influencers.,https://www.businessinsider.com/paris-olympics-athletes-to-follow-tiktok-2024-6,https://i.insider.com/6671e59a2efa138e0330d94d?width=1200&format=jpeg,2024-06-20T19:59:22Z,"Olympians Ilona Maher, Simone Biles, and Tom Daley.Mike Coppola/Staff/Getty Images; Elsa/Staff/Getty Images; Wang He/Stringer/Getty Images
<ul><li>The 2024 Summer Olympics will begin in Paris on Jul… [+13415 chars]",2024-06-20 19:59:22+00:00,218
"{'id': None, 'name': 'TMZ'}",TMZ Staff,Kim Kardashian Dabbled In Jennifer Aniston-Backed Salmon Sperm Facial,"Kim Kardashian is at it again with another wild anti-aging trick ... this time, she's dabbling in salmon sperm. Yep, you heard right! On the latest episode of ""The Kardashians,"" Kim casually told her momager Kris Jenner, ""I got a salmon sperm…",https://www.tmz.com/2024/07/11/kim-kardashian-salmon-sperm-facial-jennifer-aniston/,https://imagez.tmz.com/image/ee/16by9/2024/07/11/eec3d77544a440fcb3cce01e57f0ef16_xl.jpg,2024-07-11T13:44:25Z,"Kim Kardashian is at it again with another wild anti-aging trick ... this time, she's dabbling in salmon sperm.
Yep, you heard right! On the latest episode of ""The Kardashians,"" Kim casually told he… [+969 chars]",2024-07-11 13:44:25+00:00,312
"{'id': None, 'name': 'Highsnobiety'}",,HOKA and Horah Inc. Make Paris Their Runway,How does one move like a Parisian? Is it a relaxed flâner along the Seine? A sultry strut down the runway for Paris Fashion Week? A frantic sprint to catch the…,https://www.highsnobiety.com/p/hoka-and-horah-inc-make-paris-their-runway/,https://www.highsnobiety.com/static-assets/dato/1718984840-hokarunclub_paris_hs_022.jpg,2024-06-21T17:02:22Z,How does one move like a Parisian? Is it a relaxed flâner along the Seine? A sultry strut down the runway for Paris Fashion Week? A frantic sprint to catch the final métro train après une soirée en d… [+4143 chars],2024-06-21 17:02:22+00:00,203
"{'id': None, 'name': 'Forbes'}","Zenger News, Contributor, 
 Zenger News, Contributor
 https://www.forbes.com/sites/zengernews/",Virtual Try-Ons Will Change Fashion Jobs Forever,Glam Labs is offering a new digital solution that will change online shopping with virtual try-ons.,https://www.forbes.com/sites/zengernews/2024/07/11/virtual-try-ons-will-change-fashion-jobs-forever/,https://imageio.forbes.com/specials-images/imageserve/668ffb4413ced2baa5e26abd/0x0.jpg?format=jpg&height=900&width=1600&fit=bounds,2024-07-11T16:21:57Z,"An example of Glam Labs technology in practice. Virtual try-ons will shape the future of work in the ... [+] fashion industry
Glam Labs, Inc.
By Kui Kamau
Online shopping has made it easier for pe… [+6127 chars]",2024-07-11 16:21:57+00:00,147
"{'id': None, 'name': 'Who What Wear'}",Maxine Eggenberger,7 Fresh and Chic Shoe Trends Fashion People Are Wearing Nonstop This Month,"After hours of research, I can confidently say that these are the best shoes to wear in July, as seen on fashion people. Click through to see and shop them.",https://www.whowhatwear.com/fashion/shoes/best-shoes-to-wear-in-july,https://cdn.mos.cms.futurecdn.net/pjNvNktkUtPy5rp5prowjb-1200-80.jpg,2024-07-03T07:00:00Z,"When it comes to deciding which shoes to wear, it goes without saying that some styles work better for certain times of the year. For example, I can count on one hand how many times In wear sandals i… [+3078 chars]",2024-07-03 07:00:00+00:00,230
"{'id': None, 'name': 'HYPEBEAST'}",info@hypebeast.com (Hypebeast),Is Streetwear Entering a New Era?,"Fashion is changing, and there's no stopping it. Quiet luxury has overwhelmed our wardrobes season after season, replacing logo-heavy streetwear with elevated essentials. Throughout Spring/Summer 2025, we saw show-goers dress to impress while running from sho…",https://hypebeast.com/2024/6/streetwear-new-era-edited-feature,https://image-cdn.hypb.st/https%3A%2F%2Fhypebeast.com%2Fimage%2F2024%2F06%2F25%2Fstreetwear-new-era-edited-feature-tw.jpg?w=1080&cbr=1&q=90&fit=max,2024-06-27T10:11:57Z,"Fashion is changing, and there’s no stopping it. Quiet luxury has overwhelmed our wardrobes season after season, replacing logo-heavy streetwear with elevated essentials. Throughout Spring/Summer 202… [+3084 chars]",2024-06-27 10:11:57+00:00,293
"{'id': None, 'name': 'HYPEBEAST'}",info@hypebeast.com (Hypebeast),"In Lindsay Vrckovnik’s World, Building a Vibrant Legacy Starts from Within","Of all the different creatives in the public eye today, model, knitting fanatic and founder of her eponymous label Lindsay Vrckovnik is one whose identity is instantly recognizable. Color-blocked fits, fuzzy fashion creations and an affinity for exploring the…",https://hypebeast.com/2024/6/tommy-hilfiger-lindsay-vrckovnik-hypebeast-produced-summer-campaign,https://image-cdn.hypb.st/https%3A%2F%2Fhypebeast.com%2Fimage%2F2024%2F06%2F12%2Ftommy-hilfiger-lindsay-vrckovnik-hypebeast-produced-summer-campaign-tw.jpg?w=1080&cbr=1&q=90&fit=max,2024-06-17T14:09:41Z,"Of all the different creatives in the public eye today, model, knitting fanatic and founder of her eponymous label Lindsay Vrckovnik is one whose identity is instantly recognizable. Color-blocked fit… [+1677 chars]",2024-06-17 14:09:41+00:00,334
"{'id': None, 'name': 'Digital Trends'}",Tomas Franzese,Silent Hill creator’s new game Slitterhead prioritizes action over scares,We got a creepy look at Slitterhead during Summer Game Fest and learned why Silent Hill creator Keiichiro Toyama is prioritizing action over horror.,https://www.digitaltrends.com/gaming/slitterhead-preview-keiichiro-toyama-interview/,https://www.digitaltrends.com/wp-content/uploads/2024/06/Slitterhead.jpg?resize=1200%2C630&p=1,2024-06-13T18:49:10Z,"Bokeh Game Studio
Slitterhead was the weirdest game I stumbled onto at Summer Game Fest this year. Tucked away in a small cabana at the back of the event, it was a game few people attending even see… [+6928 chars]",2024-06-13 18:49:10+00:00,221
"{'id': None, 'name': 'Who What Wear'}",Ana Escalante,I Just Got Back From This English Countryside Hot Spot—Here's What the Fashion Set Were Wearing,We spoke to the creative directors of Kurt Geiger and Tattie Rose Studio on their new Floral Couture collaboration collection and the best British countryside trends,https://www.whowhatwear.com/fashion/summer/kurt-geiger-british-countryside-packing-list,https://cdn.mos.cms.futurecdn.net/aUghT4vD2xd9kAXfvqDaHP-1200-80.jpg,2024-06-22T07:00:00Z,"Although I'm American, I've always had a penchant for the British countryside. Maybe it was because I grew up re-blogging photos of Kate Moss on Tumblr at Glastonbury. (That photo of the model in mud… [+4930 chars]",2024-06-22 07:00:00+00:00,260
"{'id': None, 'name': 'Forbes'}","Kate Hardcastle, Contributor, 
 Kate Hardcastle, Contributor
 https://www.forbes.com/sites/katehardcastle/",Ace In The Game: Tenniscore Serves Up Business Opportunities For Fashion,"Inspired by the resurgence of classic styles and bolstered by cultural phenomena, Tenniscore is also poised to be a significant trend for this year.",https://www.forbes.com/sites/katehardcastle/2024/06/30/ace-in-the-game-tenniscore-serves-up-business-opportunities-for-fashion/,https://imageio.forbes.com/specials-images/imageserve/6681c7104a33ffc688e519d8/0x0.jpg?format=jpg&height=900&width=1600&fit=bounds,2024-06-30T21:22:51Z,"The recent release of Luca Guadagnino's film ""Challengers,"" starring Zendaya, has likely been a ... [+] significant catalyst for the Tenniscore trend Styled by the acclaimed Law Roach, Zendayas recen… [+4068 chars]",2024-06-30 21:22:51+00:00,220
"{'id': None, 'name': 'Who What Wear'}",Eliza Huber,The Jacquemus-Backed Color Trend That's Set to Dominate All Summer,"Following Jacquemus' F/W 24 runway show, turquoise is rising the ranks in the fashion world, making a case for a spot at the top of the color trends this year.",https://www.whowhatwear.com/fashion/trends/turquoise-color-trend,https://cdn.mos.cms.futurecdn.net/7FS9xUFMTzxwvZQKV3zziJ-1200-80.jpg,2024-06-25T07:00:00Z,"Earlier this month, Jacquemus did what the French brand does best when it broke the internet with a F/W 24 runway show held in Capri, Italy at Villa Malaparte, a picturesque compound on the Mediterra… [+2260 chars]",2024-06-25 07:00:00+00:00,225
"{'id': None, 'name': 'Forbes'}","Kristen Classi-Zummo, Contributor, 
 Kristen Classi-Zummo, Contributor
 https://www.forbes.com/sites/kristenclassi-zummo/",Why Millennials Are Keeping Calm As Gen Z Cancels Their Favorite Trends,"How Gen Z trends dictated through social media are impacting apparel sales and styles, contrasted with Millennials' preferences for personal style over fleeting fads.",https://www.forbes.com/sites/kristenclassi-zummo/2024/06/17/why-millennials-are-keeping-calm-as-gen-z-cancels-their-favorite-trends/,"https://imageio.forbes.com/specials-images/imageserve/6670959eafa8f3c0c4fc2ffa/0x0.jpg?format=jpg&crop=3000,1688,x0,y493,safe&height=900&width=1600&fit=bounds",2024-06-17T20:29:44Z,"Photo by Tibrina Hobson/WireImage
WireImage
Every few months, there's a new trend that Gen Z swiftly cancels. They started small, flexing their tastemaker muscles by banishing side parts and laughi… [+4391 chars]",2024-06-17 20:29:44+00:00,237
"{'id': 'die-zeit', 'name': 'Die Zeit'}",ZEIT ONLINE: News -,"Senioren und Internet: ""Granfluencer"" trotzen Altersklischees online","Hier finden Sie Informationen zu dem Thema „Senioren und Internet“. Lesen Sie jetzt „""Granfluencer"" trotzen Altersklischees online“.",https://www.zeit.de/news/2024-06/30/granfluencer-trotzen-altersklischees-online,https://img.zeit.de/news/2024-06/30/granfluencer-trotzen-altersklischees-online-image-group/wide__1300x731,2024-06-30T08:58:05Z,"Günther Krabbenhöft ist der Inbegriff der Phrase: ""Man ist nur so alt, wie man sich fühlt."" Im eleganten Outfit inklusive Panama-Hut und feiner Weste tanzt er in seinen Videos zu Technomusik neben we… [+5299 chars]",2024-06-30 08:58:05+00:00,200
"{'id': None, 'name': 'Vox'}",Rebecca Jennings,The glorious return of the skort,"Once upon a time, when you complimented someone’s skirt or dress, there was a solid chance she’d reply with, “Thanks, it has pockets!” These days, you’re more likely to be met with a different response, or rather a correction: “Thanks, it’s actually a skort.”…",https://www.vox.com/culture/358859/skort-trend-taylor-swift-halara-popflex,https://platform.vox.com/wp-content/uploads/sites/2/2024/07/Untitled-design-17.png?quality=90&strip=all&crop=0%2C10.732984293194%2C100%2C78.534031413613&w=1200,2024-07-08T13:23:09Z,"Once upon a time, when you complimented someones skirt or dress, there was a solid chance shed reply with, Thanks, it has pockets! These days, youre more likely to be met with a different response, o… [+9401 chars]",2024-07-08 13:23:09+00:00,292
"{'id': None, 'name': 'Forbes'}","Rich Karlgaard, Forbes Staff, 
 Rich Karlgaard, Forbes Staff
 https://www.forbes.com/sites/richkarlgaard/",Three Sure Things,These trends will shape the global economy in the years to come.,https://www.forbes.com/sites/richkarlgaard/2024/07/08/three-sure-things/,"https://imageio.forbes.com/specials-images/imageserve/668b5e83959248c956183d6b/0x0.jpg?format=jpg&crop=1601,901,x414,y443,safe&height=900&width=1600&fit=bounds",2024-07-09T02:00:23Z,"Twomeows/gettyimages
Its tough to make predictions, especially about the future, said the former American baseball player, Yogi Berra. The old catchers cheeky warning aside, let me offer three. They… [+3453 chars]",2024-07-09 02:00:23+00:00,81
"{'id': None, 'name': 'Who What Wear'}",sierra.mayhew@futurenet.com (Sierra Mayhew),Paris Couture Week is the Epitome of Cool Street Style—7 Trends Everyone Wore,"These are the biggest street style trends from Paris Couture Week, take notes.",https://www.whowhatwear.com/fashion/street-style/paris-couture-week-2024-street-style,https://cdn.mos.cms.futurecdn.net/RV6hFwBhVjQ7FXUstJYMg9-1200-80.jpg,2024-07-03T01:00:00Z,The fashion calendar always has those bits and bops that jump out at me throughout the year. I usually forget it’s coming but couture week arrives and delivers just the inspiration I needed to start … [+2568 chars],2024-07-03 01:00:00+00:00,155
"{'id': None, 'name': 'Forbes'}","Stephan Rabimov, Contributor, 
 Stephan Rabimov, Contributor
 https://www.forbes.com/sites/stephanrabimov/",Paraiso Miami Swim Week Makes Waves,"While many brands look to New York Fashion Week as their launchpad, fashion companies from the South and Latin America have found Paraiso Miami Swim Week as their premiere entry point to the US market.",https://www.forbes.com/sites/stephanrabimov/2024/06/14/paraiso-miami-swim-week-makes-waves/,"https://imageio.forbes.com/specials-images/imageserve/666d00af4c72497def3191d5/0x0.jpg?format=jpg&crop=1262,710,x0,y184,safe&height=900&width=1600&fit=bounds",2024-06-15T02:50:11Z,"MIAMI BEACH, FLORIDA - JUNE 02: A model walks the runway during the Leslie Amon show during Paraiso ... [+] Miami Swim Week 2024 at The Paraiso Tent on June 02, 2024 in Miami Beach, Florida. (Photo b… [+8819 chars]",2024-06-15 02:50:11+00:00,236
"{'id': None, 'name': 'Who What Wear'}",Kristen Nichols,I'm Convinced That These Are the 10 Most Timeless Investment Buys,"Trends can be fun, but timeless items are what will really elevate your outfits and last for many years to come. Scroll on to see the 10 best items to consider investing in.",https://www.whowhatwear.com/uk/fashion/luxury/best-fashion-investment-items,https://cdn.mos.cms.futurecdn.net/rf9pTRq2Jye6Ggr8KBGk9L-1200-80.jpg,2024-06-20T05:29:00Z,"Trends are part of what make fashion fun—the newness in design and ideas, the experimentation in our wardrobes. While I follow trends closely on the runways and style scene alike as part of my job as… [+2348 chars]",2024-06-20 05:29:00+00:00,238
"{'id': None, 'name': 'Queerty.com'}",Christopher Rudolph,The best & worst summer fashion trends from the early ’00s that are making a comeback,"From cargo pants to long sleeve t-shirts and bucket hats--like it or not, the hottest fashion trends of the early 2000s are back.",https://www.queerty.com/the-best-worst-summer-fashion-trends-from-the-early-00s-that-are-making-a-comeback-20240705,https://adabgmwwup.cloudimg.io/v7/_queerty-prodweb_/2024/06/mixcollage-25-jun-2024-04-07-pm-5095-scaled.jpg?auto=format&auto=compress&fit=crop&gravity=smart&w=1200&h=630&force_format=jpeg&wat=1&wat_gravity=southeast&wat_pad=70,2024-07-05T15:00:00Z,"Side View Realistic Cap Mock Up In green khaki texture is a high resolution hat mockup to help you present your designs or brand logo beautifully. Green army. Olive. Snapback
Elaine Stritch might ha… [+340 chars]",2024-07-05 15:00:00+00:00,214
"{'id': None, 'name': 'Highsnobiety'}",,These 3 Stylists Nailed the Ultimate Adidas Euro Jersey Glow-Up,"If you’ve stepped outside in the last couple of days, you must have seen people's faces painted in their national colors, their country’s flags hanging over th…",https://www.highsnobiety.com/p/adidas-and-highsnobiety-jersey-upgrade/,https://www.highsnobiety.com/static-assets/dato/1719304075-adidas-eurocup-6.jpg,2024-06-25T13:21:23Z,"If youve stepped outside in the last couple of days, you must have seen people's faces painted in their national colors, their countrys flags hanging over their shoulders, and theyre probably belting… [+4534 chars]",2024-06-25 13:21:23+00:00,223
"{'id': None, 'name': 'Forbes'}","Tim Newcomb, Contributor, 
 Tim Newcomb, Contributor
 https://www.forbes.com/sites/timnewcomb/",Rise Of Tenniscore Fashion Extends To Footwear,Tennis-inspired footwear has taken over lifestyle offerings as tenniscore style grows and gives tennis a trending position.,https://www.forbes.com/sites/timnewcomb/2024/07/02/rise-of-tenniscore-fashion-extends-to-footwear/,https://imageio.forbes.com/specials-images/imageserve/6682e55acbd5554c1a518e60/0x0.jpg?format=jpg&height=900&width=1600&fit=bounds,2024-07-02T13:00:00Z,"The Diadora B.560 Used is a made-in-Italy tennis-inspired lifestyle design. 
Diadora
As tennis professionals don the all-whites needed at Wimbledon, brands from across the world continue to embrace… [+8114 chars]",2024-07-02 13:00:00+00:00,169
"{'id': None, 'name': 'Forbes'}","Hyunsoo Rim, Contributor, 
 Hyunsoo Rim, Contributor
 https://www.forbes.com/sites/hyunsoorim/",'Bridgerton' Regencycore Collaborations Thrive—From Pajamas To Teacups To Fragrances,"The latest season of Bridgerton drove sales across fashion, beauty and home decor as lifestyle brands like Bath & Body Works, Williams Sonoma and Primark rolled out collaborations, riding the wave of Regencycore trend.",https://www.forbes.com/sites/hyunsoorim/2024/06/14/bridgerton-regencycore-collaborations-thrive-from-pajamas-to-teacups-to-fragrances/,"https://imageio.forbes.com/specials-images/imageserve/666ce4f6e330004b45e73815/0x0.jpg?format=jpg&crop=2227,1253,x0,y19,safe&height=900&width=1600&fit=bounds",2024-06-15T01:41:15Z,"As the highly anticipated Netflix series Bridgerton unveiled the second-half of its latest season on Thursday, lifestyle brands have ridden the Bridgerton wave with collaborations across fragrance, h… [+6197 chars]",2024-06-15 01:41:15+00:00,302
"{'id': None, 'name': 'Small Business Trends'}",Michael Guta,Millennials and Gen-Z Spending on Travel and Entertainment This Summer,"Amex Trendex report shows Millennials and Gen-Z prioritizing travel, dining, and concerts this summer, with women driving demand for music festivals.",https://smallbiztrends.com/millennials-and-gen-z-spending-on-travel-and-entertainment-this-summer/,https://smallbiztrends.com/wp-content/themes/sahifa/images/logo-full.jpg,2024-06-15T02:00:15Z,"American Express has released its latest Amex Trendex Millennial and Gen-Z Summer Spotlight Report, revealing the spending habits of younger generations this summer. The report highlights how Millenn… [+2161 chars]",2024-06-15 02:00:15+00:00,219
"{'id': None, 'name': 'Fashionbeans.com'}",FashionBeans Editors,Superdry Showcases Key SS18 Trends with New Talent,"For SS18, British high street mainstay Superdry is launching SuperdrySounds, a mash-up of music and fashion that brings together this season's best street style with some of the most exciting up and coming artists in music. See the headline looks here.",https://www.fashionbeans.com/2018/superdry-sounds-ss18/,https://www.fashionbeans.com/wp-content/uploads/2018/04/superdrysounds3.jpg,2024-06-18T01:00:44Z,"From rock n roll leather jackets to hip-hops love affair with sportswear, music has left an indelible mark on the world of fashion. And this season British brand Superdry is plugging into this herita… [+4605 chars]",2024-06-18 01:00:44+00:00,302
"{'id': None, 'name': 'WWD'}",Adam Mansuroglu,25 Top Fashion and Beauty Products to Master Summer’s Unexpected Color Trends,Our guide to wearing the key summer color trends we saw on the spring 2024 runways with the top fashion and beauty products to buy now.,http://wwd.com/shop/shop-fashion/summer-color-trends-products-1236415390/,https://wwd.com/wp-content/uploads/2024/06/Summer-Color-Shopping-List.jpg?w=1000&h=563&crop=1,2024-06-14T13:40:00Z,"If you purchase an independently reviewed product or service through a link on our website, WWD may receive an affiliate commission.
From summer whites to nautical stripes, dressing for the warm wea… [+5827 chars]",2024-06-14 13:40:00+00:00,212
"{'id': None, 'name': 'Vanity Fair'}",Fawnia Soo Hoo,"The Ambani Wedding Will Set “Trends for Decades to Come,” According to Fashion Insiders","During Anant Ambani and Radhika Merchant’s multi-day wedding celebration, “expect exquisite lehengas, signature sequined sarees, and other timeless silhouettes embracing the essence of tradition,” Manish Malhotra, the wedding’s creative director, tells Vanity…",https://www.vanityfair.com/style/story/ambani-wedding-fashion-trends,"https://media.vanityfair.com/photos/668d4672bceac8d0aaf3af19/16:9/w_1280,c_limit/The-Ambani-Wedding-Fashion-Site-Story-Image.jpg",2024-07-09T15:13:48Z,"For most, it would be impossible to top two ultra-lavish pre-wedding festivities, featuring concerts from Rihanna, Katy Perry, the Backstreet Boys and Andrea Bocellinot to mention the finest of coutu… [+3302 chars]",2024-07-09 15:13:48+00:00,347
"{'id': None, 'name': 'Forbes'}","Jessica Ourisman, Contributor, 
 Jessica Ourisman, Contributor
 https://www.forbes.com/sites/jessicaourisman/",The Foolproof Fashion-Travel Formula For A Chic Vacation Wardrobe,The founder of the Malibu-inspired line Bleusalt shares her foolproof fashion-travel formula for creating a chic capsule wardrobe for vacation.,https://www.forbes.com/sites/jessicaourisman/2024/07/12/the-foolproof-fashion-travel-formula-for-a-chic-vacation-wardrobe/,"https://imageio.forbes.com/specials-images/imageserve/6691551067270dc6c4034fbd/0x0.jpg?format=jpg&crop=1910,1074,x0,y20,safe&height=900&width=1600&fit=bounds",2024-07-12T16:30:43Z,"Models wear Bleusalt by Lyndie Benson.
Bleusalt
Imagine if getting ready for travel was as stress-free as the vacation itself? Pre-travel nerves culminate in the moments when you must decide what t… [+5835 chars]",2024-07-12 16:30:43+00:00,208
"{'id': None, 'name': 'Digital Trends'}",Tomas Franzese,Your favorite video game is retro now,What makes a video game retro in 2024? We asked developers for their take and came away with some complicated answers.,https://www.digitaltrends.com/gaming/what-is-a-retro-game-in-2024/,https://www.digitaltrends.com/wp-content/uploads/2020/05/16614268938_40ffabe1d0_k-1.jpg?resize=1200%2C630&p=1,2024-07-12T11:15:13Z,"William Warby
What is a retro game?
Back in the 2000s — at the height of The Angry Video Game Nerd’s popularity and the genesis of throwback games like Cave Story and Mega Man 9 — that question see… [+11343 chars]",2024-07-12 11:15:13+00:00,155
"{'id': None, 'name': 'Search Engine Journal'}",Lisa Raehsler,"The 8 Best PPC Ad Networks via @sejournal, @LisaRocksSEM","Choosing the right PPC ad network is crucial for successful advertising campaigns. Discover the top networks and what sets them apart.
The post The 8 Best PPC Ad Networks appeared first on Search Engine Journal.",https://www.searchenginejournal.com/best-ppc-ad-networks/516717/,https://www.searchenginejournal.com/wp-content/uploads/2024/05/ppc-ad-networks-563.png,2024-06-17T09:00:11Z,"Choosing the right pay-per-click (PPC) ad network is a core strategy impacting the success of your advertising campaigns.
Each network offers unique features, reaches distinct audiences, and shines … [+10862 chars]",2024-06-17 09:00:11+00:00,267
"{'id': None, 'name': 'Forbes'}","Stephan Rabimov, Contributor, 
 Stephan Rabimov, Contributor
 https://www.forbes.com/sites/stephanrabimov/",Beyond The Pharaohs: How Egypt Fashion And Design Council Reclaims Cultural Heritage,"As Egypt Fashion Week gears up for its second-ever season in November, Cairo’s emerging fashion ecosystem is capturing international attention.",https://www.forbes.com/sites/stephanrabimov/2024/06/18/beyond-the-pharaohs-how-egypt-fashion-and-design-council-reclaims-cultural-heritage/,"https://imageio.forbes.com/specials-images/imageserve/6671e59560066d6dbf4e0bfa/0x0.jpg?format=jpg&crop=3480,1958,x0,y249,safe&height=900&width=1600&fit=bounds",2024-06-18T19:53:08Z,"This photo taken on Nov. 20, 2023 shows a colossal statue at the grand hall of the Grand Egyptian ... [+] Museum in Giza, Egypt. (Photo by Ahmed Gomaa/Xinhua via Getty Images)
Xinhua News Agency via… [+14523 chars]",2024-06-18 19:53:08+00:00,227
"{'id': None, 'name': 'Forbes'}","Gemma A. Williams, Contributor, 
 Gemma A. Williams, Contributor
 https://www.forbes.com/sites/gemmawilliams/",6 Women Shaping Sustainability In China’s Fashion Sector,"Here are some of the women helping to shape the sustainability agenda in China — from disrupters, to brands, to researchers in editorial, influencing, and advocacy.",https://www.forbes.com/sites/gemmawilliams/2024/06/30/6-women-shaping-sustainability-in-chinas-fashion-sector/,"https://imageio.forbes.com/specials-images/imageserve/6680622460c82562ea33d598/0x0.jpg?format=jpg&crop=1714,1714,x6,y207,safe&height=900&width=1600&fit=bounds",2024-06-30T21:50:29Z,"Sustainability advocate Bonnie Chen acts as a judge for The Redress Design Award
Courtesy Redress
Chinas commitment to green development is vital to the global climate transition. Despite having co… [+8027 chars]",2024-06-30 21:50:29+00:00,220
"{'id': None, 'name': 'Highsnobiety'}",,Woven Boat Shoes? END. & Timberland Devise Dapper Summer Shoes,"The boat shoe's redemption arc has been monumental. I’d have turned my nose up at any mention of the preppy moccasin five years ago, haunted by pictures of fra…",https://www.highsnobiety.com/p/end-timberland-3-eye-boat-shoe/,https://www.highsnobiety.com/static-assets/dato/1718700215-end-timberland-boat-shoe.jpg,2024-06-18T09:27:18Z,"The boat shoe's redemption arc has been monumental. Id have turned my nose up at any mention of the preppy moccasin five years ago, haunted by pictures of frat boys wearing them with white skinny tro… [+1750 chars]",2024-06-18 09:27:18+00:00,222
"{'id': None, 'name': 'Forbes'}","Javier Hasse, Senior Contributor, 
 Javier Hasse, Senior Contributor
 https://www.forbes.com/sites/javierhasse/",CEO Of Fred Segal Fashion Brand Talks Cannabis Collaboration: ‘Positive Brand Association Can Enhance Public Acceptance’,"Fred Segal’s CEO explains why the brand decided to join forces with Hemper to redefine cannabis accessories, blending luxury and innovation.",https://www.forbes.com/sites/javierhasse/2024/06/20/ceo-of-fred-segal-fashion-brand-talks-cannabis-collaboration-positive-brand-association-can-enhance-public-acceptance/,"https://imageio.forbes.com/specials-images/imageserve/6671f6f74bc40df08635dbec/0x0.jpg?format=jpg&crop=1573,885,x0,y59,safe&height=900&width=1600&fit=bounds",2024-06-20T16:00:00Z,"Fred Segal x Hemper
Courtesy of Fred Segal x Hemper
""[Inspired by] the laid-back, luxurious California lifestyle, Fred Segals brand is compatible with Hempers focus on enhancing the smoking experie… [+9932 chars]",2024-06-20 16:00:00+00:00,260
"{'id': None, 'name': 'Forbes'}","Tim Lammers, Contributor, 
 Tim Lammers, Contributor
 https://www.forbes.com/sites/timlammers/",Why Elon Musk Calls Lucasfilm President ‘More Deadly’ Than Death Star,Elon Musk is taking shots at Lucasfilm president Kathleen Kennedy in a “Star Wars”-like fashion. Click in to read more about what he is saying.,https://www.forbes.com/sites/timlammers/2024/06/29/why-elon-musk-calls-lucasfilm-president-more-deadly-than-death-star/,"https://imageio.forbes.com/specials-images/imageserve/66805d2ebf8b1863f52a7ada/0x0.jpg?format=jpg&crop=1038,584,x129,y40,safe&height=900&width=1600&fit=bounds",2024-06-29T20:08:54Z,"BEVERLY HILLS, CALIFORNIA - MAY 6: Elon Musk, co-founder of Tesla and SpaceX and owner of X Holdings ... [+] Corp., speaks at the Milken Institute's Global Conference at the Beverly Hilton Hotel,on M… [+3287 chars]",2024-06-29 20:08:54+00:00,212
"{'id': None, 'name': 'Forbes'}","Catherine D Henry, Forbes Councils Member, 
 Catherine D Henry, Forbes Councils Member
 https://www.forbes.com/sites/forbestechcouncil/people/catherinedhenry/",The Innovation Imperative,"In an era of fast-paced technological advances, innovation leaders define, anticipate and shape future trends.",https://www.forbes.com/sites/forbestechcouncil/2024/07/01/the-innovation-imperative/,https://imageio.forbes.com/specials-images/imageserve/667f144c6763e6b64e15e542/0x0.jpg?format=jpg&height=900&width=1600&fit=bounds,2024-07-01T11:45:00Z,"Catherine D Henry is managing principal at EPAM, leading the Web3 and metaverse retail, fashion and luxury practice.
getty
On a chilly day in February 2024, thousands of employees awoke to an email… [+6690 chars]",2024-07-01 11:45:00+00:00,135
"{'id': None, 'name': 'Dazed'}",Mario Abad,"Brat boys, brief encounters bricks mortar: all the SS25 men’s trends","From a home to call your own at JW Anderson and Prada, to the chokehold soccer has on fashion right now, we did a deep dive into the season’s biggest trends so you don’t have to",https://www.dazeddigital.com/fashion/article/62986/1/trends-2025-brat-boy-summer-prada-loewe-football-dior-mens-shows-paris-milan,https://images-prod.dazeddigital.com/808/0-0-808-538/azure/dazed-prod/1370/8/1378794.jpg,2024-06-27T15:27:00Z,"The trends coming out of the mens shows have never been as salient or abundant as those from the womens circuit, which are basically catnip for every new -core waiting to be anointed on TikTok. But t… [+9911 chars]",2024-06-27 15:27:00+00:00,245
"{'id': None, 'name': 'Who What Wear'}",Brittany Davy,4 Flat-Shoe Trends Jennifer Lawrence Is Wearing With Shorts and Jeans This Summer,I'm always looking to Jennifer Lawrence for flat-shoe inspo. Click to see how she's styling the four key flat-shoe trends that are popular this summer.,https://www.whowhatwear.com/fashion/celebrity-style/jennifer-lawrence-flat-shoe-trends,https://cdn.mos.cms.futurecdn.net/oH7YH8p7N2ZYzafaAYwz2U-1200-80.jpg,2024-06-27T14:28:08Z,"Known for her laid-back street style, Jennifer Lawrence constantly provides us with classic but chic looks to inspire our own outfits. I'm someone who prioritises comfort when getting dressed, so J.L… [+3589 chars]",2024-06-27 14:28:08+00:00,232
"{'id': None, 'name': 'Who What Wear'}",Brittany Davy,4 Flat-Shoe Trends Jennifer Lawrence Is Wearing With Shorts and Jeans This Summer,I'm always looking to Jennifer Lawrence for flat-shoe inspo. Click to see how she's styling the four key flat-shoe trends that are popular this summer.,https://www.whowhatwear.com/fashion/shoes/jennifer-lawrence-flat-shoe-trends,https://cdn.mos.cms.futurecdn.net/oH7YH8p7N2ZYzafaAYwz2U-1200-80.jpg,2024-06-27T15:13:05Z,"Known for her laid-back street style, Jennifer Lawrence constantly provides us with classic but chic looks to inspire our own outfits. I'm someone who prioritises comfort when getting dressed, so J.L… [+3562 chars]",2024-06-27 15:13:05+00:00,232
"{'id': None, 'name': 'Forbes'}","Stephan Rabimov, Contributor, 
 Stephan Rabimov, Contributor
 https://www.forbes.com/sites/stephanrabimov/",The Top Fashion Trade Shows Across The Globe,"A roundup of the leading international fashion trade shows, plus a bonus list of the Scandinavian brands you can't miss at the upcoming Copenhagen International Fashion Fair in August.",https://www.forbes.com/sites/stephanrabimov/2024/06/26/the-top-fashion-trade-shows-across-the-globe/,"https://imageio.forbes.com/specials-images/imageserve/667ca0b6ed661ac4f695b7bd/0x0.jpg?format=jpg&crop=1342,756,x0,y564,safe&height=900&width=1600&fit=bounds",2024-06-27T00:00:13Z,"FLORENCE, ITALY - JUNE 12: Models walk the runway at Marine Serre Fashion Show during Pitti Immagine ... [+] Uomo 106 on June 12, 2024 in Florence, Italy. (Photo by Stefania M. D'Alessandro/Getty Ima… [+13161 chars]",2024-06-27 00:00:13+00:00,228
"{'id': None, 'name': 'Forbes'}","Cassell Ferere, Contributor, 
 Cassell Ferere, Contributor
 https://www.forbes.com/sites/cassellferere/",Family-Owned AriZona Pours Into Fashion Collections And Collaborations,"Founded in Brooklyn, N.Y. in 1992, AriZona has become more than just a drink; it's a lifestyle with apparel to appropriate your sartorial mood.",https://www.forbes.com/sites/cassellferere/2024/06/16/family-owned-arizona-pours-into-fashion-collections-and-collaborations/,"https://imageio.forbes.com/specials-images/imageserve/666f0ce1fd526d4968a7d25d/0x0.jpg?format=jpg&crop=2803,1578,x0,y167,safe&height=900&width=1600&fit=bounds",2024-06-16T17:41:18Z,"Family-owned AriZona Beverages Pours Into Fashion.
AriZona
Growing up in an urban setting provided familiar staples resonating with the community and its intrinsic cultural artifacts. Besides stree… [+8702 chars]",2024-06-16 17:41:18+00:00,213
"{'id': None, 'name': 'Boredpanda.com'}",Gabija Saveiskyte,“Gotta Adapt To The Times”: Daughter Teaches Dad Slang So He Can Work With Gen Alpha,"A father-daughter duo recently went viral on TikTok after they uploaded videos of her teaching him Gen A slang.
The post “Gotta Adapt To The Times”: Daughter Teaches Dad Slang So He Can Work With Gen Alpha first appeared on Bored Panda.",https://www.boredpanda.com/daughter-teaches-dad-gen-alpha-slang-damonsharpe/,https://www.boredpanda.com/blog/wp-content/uploads/2024/07/daughter-teaches-dad-gen-alpha-slang-damonsharpe-fb.png,2024-07-01T09:00:18Z,"Following all the latest trends can feel close to impossible; because it probably is. With all sorts of new technology, fashion crazes, and artists, among other things, coming to light every day, it’… [+2351 chars]",2024-07-01 09:00:18+00:00,320
"{'id': None, 'name': 'Forbes'}","Carol RH Malasig, Contributor, 
 Carol RH Malasig, Contributor
 https://www.forbes.com/sites/carolrhmalasig/",Tokyo’s Used Designer Market: Where To Find Rare Pieces At Great Value,"Explore Japan’s thriving vintage luxury scene. Discover how boutiques are redefining fashion with quality, authenticity, and expansion plans.",https://www.forbes.com/sites/carolrhmalasig/2024/06/28/tokyos-used-designer-market-where-to-find-rare-pieces-at-great-value/,https://imageio.forbes.com/specials-images/imageserve/667f078d0813202c91f076bb/0x0.jpg?format=jpg&height=900&width=1600&fit=bounds,2024-06-28T19:17:10Z,"Luxury vintage and second-hand shopping in Japan is unlike any other.
CAROL RH MALASIG
Japan has long been a haven for vintage shopping, and recent post-pandemic travel trends, combined with the bu… [+7916 chars]",2024-06-28 19:17:10+00:00,211
"{'id': None, 'name': 'Thekitchn.com'}",Mallory Levy,The LoveShackFancy Designer’s “Parisian Cottagecore” Kitchen Is Having a Major Moment,"It’s a pink-lover’s dream.
READ MORE...",https://www.thekitchn.com/rebecca-hessel-cohen-loveshackfancy-kitchen-23669327,"https://cdn.apartmenttherapy.info/image/upload/f_auto,q_auto:eco,c_fill,g_auto,w_1500,ar_3:2/k%2FEdit%2Frebecca-hessel-cohen-headshot-graphic",2024-07-13T13:45:00Z,"We independently select these products—if you buy from one of our links, we may earn a commission. All prices were accurate at the time of publishing.
In case you havent yet seen, LoveShackFancy fou… [+4004 chars]",2024-07-13 13:45:00+00:00,124
"{'id': None, 'name': 'Who What Wear'}",Bébhinn Campbell,Put Your Heels Away—These Trending Flats are Taking Over London This Season,"This season, Londoners are swapping their heels for these flat-shoe trends, from mesh ballet flats to elevated flip-flops.",https://www.whowhatwear.com/fashion/shoes/london-flat-shoe-trends,https://cdn.mos.cms.futurecdn.net/CXp7KcSKw8kzVo6bwiAafW-1200-80.jpg,2024-06-15T05:30:00Z,"Heels always seem like a good idea when I'm lying in bed and mentally outfit-planning for the next morning. But when my alarm goes off and I start getting ready, there's only one type of shoe I reach… [+2099 chars]",2024-06-15 05:30:00+00:00,197
"{'id': 'business-insider', 'name': 'Business Insider'}",Madeline Berg,"Critics roasted LVMH for spending big on Tiffany. 4 years later, the bet doesn't look so bad.",LVMH's $15.8 billion Tiffany takeover was its biggest ever — and met with high expectations. But its signature turnaround ploys seem to be working.,https://www.businessinsider.com/critics-roasted-lvmh-spending-big-tiffany-bet-is-paying-off-2024-7,https://i.insider.com/6682d7581aace5b3ada31939?width=1200&format=jpeg,2024-07-06T09:17:02Z,"Four years after it became LVMH's biggest acquisition ever, Tiffany & Co. is bouncing back thanks to upgraded products and store renovations.Getty Images; Jenny Chang-Rodriguez/BI
<ul><li>LVMH's $15… [+11962 chars]",2024-07-06 09:17:02+00:00,240
"{'id': None, 'name': 'Forbes'}","Kaleigh Moore, Contributor, 
 Kaleigh Moore, Contributor
 https://www.forbes.com/sites/kaleighmoore/",Why Digital-Era Brands Are Opening Brick-And-Mortar Stores,"Fashion brands like Dolce Vita, Skims, and Revolve have begun opening retail locations in recognition of brick-and-mortar retail's sustained relevance and profitability.",https://www.forbes.com/sites/kaleighmoore/2024/06/26/why-digital-era-brands-are-opening-brick-and-mortar-stores/,https://imageio.forbes.com/specials-images/imageserve/667c638dbf384aa461af5fb3/0x0.jpg?format=jpg&height=900&width=1600&fit=bounds,2024-06-26T18:56:22Z,"Dolce Vita's new store in Austin, Texas.
Dolce Vita
While opening physical stores in the digital age may seem counterintuitive, many brands still lean toward brick-and-mortar retail to build deeper… [+4598 chars]",2024-06-26 18:56:22+00:00,227
"{'id': None, 'name': 'Digital Trends'}",Alex Welch,"House of the Dragon season 2 review: an explosive, uneven follow-up","HBO's House of the Dragon returns this weekend with a season that is more violent, brutal, and frustrating than its first.",https://www.digitaltrends.com/movies/house-of-the-dragon-season-2-2024-tv-review/,https://www.digitaltrends.com/wp-content/uploads/2024/06/Rhaenyra-Targaryen-stands-alone-in-House-of-the-Dragon-season-2.jpg?resize=1200%2C630&p=1,2024-06-16T16:00:07Z,"The first season of HBO’s Game of Thrones prequel, House of the Dragon, offered a literal change of pace from its smash-hit predecessor. Across its eight seasons, Game of Thrones delivered jaw-droppi… [+7067 chars]",2024-06-16 16:00:07+00:00,189
"{'id': None, 'name': 'Digital Trends'}",Giovanni Colantonio,"I replaced my Xbox with a smart TV, and it went better than I expected",Can a smart TV filled with gaming apps really replace your consoles? We put that question to the test.,https://www.digitaltrends.com/gaming/xbox-samsung-gaming-hub-experiment/,https://www.digitaltrends.com/wp-content/uploads/2022/06/xbox-game-pass-Samsung-Gaming-Hub.jpg?resize=1200%2C630&p=1,2024-06-27T10:30:51Z,"Samsung / Microsoft
Can a TV replace your video game console?
That’s a question Samsung has flirted with for over the past two years. It started with the reveal of Samsung Gaming Hub, a handy smart… [+6484 chars]",2024-06-27 10:30:51+00:00,172
"{'id': None, 'name': 'Highsnobiety'}",,A Summer of Swooshes,"In the northern hemisphere at least, Summer's official beginning is imminent. June 20th, to be exact, marks the day we launch into what is the year's hottest s…",https://www.highsnobiety.com/p/nike-summer-sale/,https://www.highsnobiety.com/static-assets/dato/1718624406-nikesale.jpg,2024-06-17T15:06:03Z,"In the northern hemisphere at least, Summer's official beginning is imminent. June 20th, to be exact, marks the day we launch into what is the year's hottest season. 
As far as summer apparel goes, … [+2489 chars]",2024-06-17 15:06:03+00:00,180
"{'id': None, 'name': 'Trendland.com'}",TL Team,"Maison Meta: Best Gen AI Agency for Fashion, Beauty and Luxury","Words TL Team
Maison Meta stands as the world’s premier Gen AI studio, revolutionizing the fashion, beauty, and luxury sectors with cutting-edge artificial intelligence solutions. Renowned for its innovative AI campaigns for brands such as Pangaia, Norma Kama…",https://trendland.com/maison-meta-best-gen-ai-agency-for-fashion-beauty-and-luxury/,,2024-06-17T17:11:56Z,"Maison Meta stands as the worlds premier Gen AI studio, revolutionizing the fashion, beauty, and luxury sectors with cutting-edge artificial intelligence solutions. Renowned for its innovative AI cam… [+1230 chars]",2024-06-17 17:11:56+00:00,322
